Academic Year,Pupil's Name,Parental Contact Full Name,Parental Contact Email Address
2,"Nellies, Ronna","Nellies, Purcell",Purcell.Nellies@Demizz.com
4,"Andriulis, Rusty","Andriulis, Vassili",Vassili.Andriulis@Brainbox.com
4,"Oakeshott, Roberta","Oakeshott, Lind",Lind.Oakeshott@Centidel.com
4,"Rubinfajn, Lola","Rubinfajn, Elie",Elie.Rubinfajn@Edgeblab.com
4,"Benedtti, Kamila","Benedtti, Adela",Adela.Benedtti@Trudoo.com
4,"Colebourn, Avery","Colebourn, Dalenna",Dalenna.Colebourn@Linktype.com
1,"Klimko, Valentino","Klimko, Arlette",Arlette.Klimko@Thoughtblab.com
1,"Shearwood, Cal","Shearwood, Leontine",Leontine.Shearwood@Browseblab.com
4,"Truswell, King","Truswell, Evvy",Evvy.Truswell@Photospace.com
1,"Stichall, Towney","Stichall, Wendie",Wendie.Stichall@Kwimbee.com
3,"Mc Dermid, Aubrette","Mc Dermid, Emilee",Emilee.Mc Dermid@Oyonder.com
3,"Chatres, Adah","Chatres, Claudine",Claudine.Chatres@Jabbercube.com
2,"Titterton, Benedikt","Titterton, Zelma",Zelma.Titterton@Blogtag.com
3,"Harberer, Rosina","Harberer, Esther",Esther.Harberer@Trilith.com
3,"Filinkov, Panchito","Filinkov, Darbee",Darbee.Filinkov@Flashspan.com
3,"Strike, Samara","Strike, Winna",Winna.Strike@Innojam.com
4,"McCormack, Joane","McCormack, Marsiella",Marsiella.McCormack@Zooxo.com
2,"Sitlinton, Griffie","Sitlinton, Hunfredo",Hunfredo.Sitlinton@Meedoo.com
2,"Silversmidt, Gilberta","Silversmidt, Tawsha",Tawsha.Silversmidt@Babbleblab.com
4,"Matkovic, Marjie","Matkovic, Ev",Ev.Matkovic@Youbridge.com
4,"Cowterd, Uri","Cowterd, Chrystal",Chrystal.Cowterd@Jabbersphere.com
1,"Mattisson, Korella","Mattisson, Sherie",Sherie.Mattisson@Flipopia.com
2,"Schonfelder, Findlay","Schonfelder, Aldridge",Aldridge.Schonfelder@Dabtype.com
3,"Jantzen, Jaquelyn","Jantzen, Walther",Walther.Jantzen@Vitz.com
4,"Gradwell, Davina","Gradwell, Ketti",Ketti.Gradwell@Leexo.com
2,"Selby, Nicolea","Selby, Kippie",Kippie.Selby@Kwimbee.com
3,"Alelsandrovich, Moselle","Alelsandrovich, Quentin",Quentin.Alelsandrovich@Feedfire.com
1,"Nieass, Honey","Nieass, Sela",Sela.Nieass@Gigabox.com
4,"Godfroy, Akim","Godfroy, Diarmid",Diarmid.Godfroy@Buzzshare.com
3,"Floch, Karole","Floch, Allie",Allie.Floch@Zava.com
1,"Feldbaum, Nata","Feldbaum, Sloane",Sloane.Feldbaum@Skidoo.com
4,"Antonucci, Jaquelin","Antonucci, Mathe",Mathe.Antonucci@DabZ.com
2,"Hallums, Candra","Hallums, Raquela",Raquela.Hallums@Realbridge.com
1,"Masters, Den","Masters, Hermon",Hermon.Masters@Photospace.com
4,"Marris, Janifer","Marris, Lars",Lars.Marris@Thoughtworks.com
5,"Bremmer, Carolus","Bremmer, Gal",Gal.Bremmer@Kanoodle.com
2,"Addicote, Casey","Addicote, Vina",Vina.Addicote@Fiveclub.com
2,"De Ath, Brigida","De Ath, Alastair",Alastair.De Ath@Eamia.com
5,"Severs, Kimberli","Severs, Annabell",Annabell.Severs@Jaxspan.com
2,"Blumson, Maribeth","Blumson, Louis",Louis.Blumson@Topicblab.com
3,"Rosenauer, Arabele","Rosenauer, Vernen",Vernen.Rosenauer@Zava.com
2,"Cominetti, Madison","Cominetti, Paulie",Paulie.Cominetti@Tekfly.com
2,"Knoton, Verina","Knoton, Melantha",Melantha.Knoton@Jabbercube.com
2,"Clubbe, Wolfgang","Clubbe, Axel",Axel.Clubbe@Cogilith.com
1,"Mazdon, Davin","Mazdon, Deena",Deena.Mazdon@Ainyx.com
2,"McIlwaine, Constantina","McIlwaine, Onfre",Onfre.McIlwaine@Thoughtstorm.com
1,"Merredy, Sayre","Merredy, Antoni",Antoni.Merredy@Browsebug.com
2,"Jeannot, Rodrick","Jeannot, Shauna",Shauna.Jeannot@Bubbletube.com
1,"Guerre, Kain","Guerre, Alexandros",Alexandros.Guerre@Roomm.com
2,"Fieldstone, Blinni","Fieldstone, Odelle",Odelle.Fieldstone@Yoveo.com
2,"Goscomb, Annabell","Goscomb, Joann",Joann.Goscomb@Photofeed.com
1,"Benazet, Clayborn","Benazet, Robers",Robers.Benazet@Devpoint.com
2,"Henze, Mahala","Henze, Fredra",Fredra.Henze@Meevee.com
4,"Berzen, Lanette","Berzen, Chrisy",Chrisy.Berzen@Roombo.com
3,"Ruckhard, Keefer","Ruckhard, Ashlie",Ashlie.Ruckhard@Dynazzy.com
2,"Truelock, Merrili","Truelock, Felicdad",Felicdad.Truelock@Meembee.com
1,"Goutcher, Joete","Goutcher, Mandi",Mandi.Goutcher@Flipstorm.com
4,"Palfreman, Miguelita","Palfreman, Liliane",Liliane.Palfreman@Wikizz.com
4,"Mattes, Ossie","Mattes, Clea",Clea.Mattes@Jaxspan.com
2,"Vernay, Bear","Vernay, Joanie",Joanie.Vernay@Quaxo.com
1,"Wragge, Teodor","Wragge, Dotti",Dotti.Wragge@Zoomlounge.com
2,"Whitelaw, Daisie","Whitelaw, Annabella",Annabella.Whitelaw@Rhynyx.com
1,"Littley, Emlynne","Littley, Lilli",Lilli.Littley@Kare.com
4,"Walsh, Britni","Walsh, Wilma",Wilma.Walsh@Yamia.com
3,"Inseal, Marys","Inseal, Lisle",Lisle.Inseal@Kamba.com
2,"Massow, Paxton","Massow, Codie",Codie.Massow@Jabbertype.com
3,"Scain, Kerby","Scain, Clarette",Clarette.Scain@Zava.com
3,"Lamplough, Johnathan","Lamplough, Demetris",Demetris.Lamplough@Tagcat.com
3,"Donald, Jeni","Donald, Mariska",Mariska.Donald@Rhybox.com
3,"Abrahamsohn, Sylvia","Abrahamsohn, Fin",Fin.Abrahamsohn@Fivebridge.com
4,"Stoyle, Cinnamon","Stoyle, Valerye",Valerye.Stoyle@Browsecat.com
3,"Amey, Issi","Amey, Llewellyn",Llewellyn.Amey@Fiveclub.com
3,"Letson, Brion","Letson, Brewster",Brewster.Letson@Gigashots.com
4,"Sire, Nappie","Sire, Hansiain",Hansiain.Sire@Avamba.com
4,"Chapelle, Pattie","Chapelle, Orazio",Orazio.Chapelle@Trilia.com
4,"Armit, Brynna","Armit, Evania",Evania.Armit@Jamia.com
3,"Bruinsma, Gauthier","Bruinsma, Massimiliano",Massimiliano.Bruinsma@Skaboo.com
3,"Gudgeon, Pren","Gudgeon, Hobard",Hobard.Gudgeon@Tagopia.com
2,"Husthwaite, Wyn","Husthwaite, Hector",Hector.Husthwaite@Vinte.com
4,"Padrick, Allianora","Padrick, Engracia",Engracia.Padrick@Jabbercube.com
3,"Bennough, Malena","Bennough, Rianon",Rianon.Bennough@Photolist.com
3,"Winscom, Jarret","Winscom, Beilul",Beilul.Winscom@Gabtune.com
2,"Salmen, Ree","Salmen, Laughton",Laughton.Salmen@Zoombox.com
2,"Dommerque, Hope","Dommerque, Horace",Horace.Dommerque@Midel.com
3,"Trowle, Guillermo","Trowle, Marina",Marina.Trowle@Wikizz.com
3,"Cottingham, Tibold","Cottingham, Augy",Augy.Cottingham@Wordware.com
2,"Poxton, Cecilia","Poxton, Zea",Zea.Poxton@Rhynyx.com
2,"Sleney, Arri","Sleney, Waylin",Waylin.Sleney@Skilith.com
4,"Isenor, Regina","Isenor, Fern",Fern.Isenor@Skiba.com
4,"Roll, Annalise","Roll, Malinde",Malinde.Roll@Trupe.com
2,"Blyth, Othello","Blyth, Beitris",Beitris.Blyth@Realpoint.com
4,"Heyball, Ave","Heyball, Gregg",Gregg.Heyball@Twinder.com
1,"Civitillo, Friederike","Civitillo, Venus",Venus.Civitillo@Yamia.com
2,"Rizzini, Hayley","Rizzini, Darryl",Darryl.Rizzini@Oodoo.com
2,"Monery, Blakelee","Monery, Zsa zsa",Zsa zsa.Monery@Skyvu.com
3,"Cowton, Jacenta","Cowton, Jenny",Jenny.Cowton@Voonyx.com
1,"Westmoreland, Karlyn","Westmoreland, Isador",Isador.Westmoreland@Tazzy.com
1,"Bachellier, Yancey","Bachellier, Orren",Orren.Bachellier@Realblab.com
4,"Lissandrini, Nerte","Lissandrini, Quinlan",Quinlan.Lissandrini@Abata.com
1,"Crosthwaite, Dorolice","Crosthwaite, Knox",Knox.Crosthwaite@JumpXS.com
4,"Thorley, Brantley","Thorley, Haywood",Haywood.Thorley@Viva.com
1,"Cypler, Robin","Cypler, Billie",Billie.Cypler@Devshare.com
4,"Allsepp, Phillie","Allsepp, Cecelia",Cecelia.Allsepp@Skaboo.com
3,"Artz, Toddie","Artz, Saidee",Saidee.Artz@Zooxo.com
1,"Antoshin, Marje","Antoshin, Vassily",Vassily.Antoshin@Topicstorm.com
1,"Blazdell, Rochella","Blazdell, Rickie",Rickie.Blazdell@Dynava.com
1,"Thursfield, Aryn","Thursfield, Orbadiah",Orbadiah.Thursfield@Tekfly.com
2,"Antowski, Isaiah","Antowski, Man",Man.Antowski@Agimba.com
2,"Owbridge, Helli","Owbridge, Denise",Denise.Owbridge@Linklinks.com
4,"Scourgie, Hadrian","Scourgie, Elena",Elena.Scourgie@Linkbridge.com
2,"Nanetti, Toddie","Nanetti, Kit",Kit.Nanetti@Mynte.com
4,"Sugar, Inger","Sugar, Collin",Collin.Sugar@Divanoodle.com
1,"Meyer, Lezlie","Meyer, Nevile",Nevile.Meyer@Fiveclub.com
1,"Krinks, Rowland","Krinks, Durward",Durward.Krinks@Flashspan.com
5,"Baumber, Fair","Baumber, Elnar",Elnar.Baumber@Oyope.com
2,"Graver, Ekaterina","Graver, Adam",Adam.Graver@Thoughtbridge.com
2,"Spear, Farris","Spear, Marcella",Marcella.Spear@Skipfire.com
2,"Croisier, Shanie","Croisier, Murray",Murray.Croisier@Skalith.com
4,"Skerme, Fredric","Skerme, Katinka",Katinka.Skerme@Edgeblab.com
4,"Udall, Christoph","Udall, Lanna",Lanna.Udall@Divavu.com
4,"Koba, Jared","Koba, Abbie",Abbie.Koba@Yakitri.com
2,"Gouley, Lucina","Gouley, Neall",Neall.Gouley@Browsecat.com
4,"Fosbraey, Milka","Fosbraey, Tildie",Tildie.Fosbraey@Livetube.com
3,"Aldwinckle, Iseabal","Aldwinckle, Averill",Averill.Aldwinckle@Trunyx.com
4,"Featherstonehaugh, Colet","Featherstonehaugh, Carmina",Carmina.Featherstonehaugh@Pixoboo.com
1,"Skaif, Jewelle","Skaif, Claus",Claus.Skaif@Zoozzy.com
3,"Plumridge, Brose","Plumridge, Tudor",Tudor.Plumridge@Eare.com
2,"Oldknow, Dotty","Oldknow, Valentina",Valentina.Oldknow@Janyx.com
2,"Conneely, Stacy","Conneely, Emmalee",Emmalee.Conneely@Kayveo.com
2,"Ballister, Iona","Ballister, Sutton",Sutton.Ballister@Zoombeat.com
2,"Curgenuer, Windy","Curgenuer, Jaquelin",Jaquelin.Curgenuer@Minyx.com
1,"Echalie, Kienan","Echalie, Leonard",Leonard.Echalie@Digitube.com
2,"Curley, Nollie","Curley, Phyllida",Phyllida.Curley@Thoughtsphere.com
4,"McGrory, Joelle","McGrory, Annissa",Annissa.McGrory@Eabox.com
4,"Schmidt, Pooh","Schmidt, Prue",Prue.Schmidt@BlogXS.com
4,"Phelipeaux, Coral","Phelipeaux, Evangelina",Evangelina.Phelipeaux@Livepath.com
1,"McKeachie, Gifford","McKeachie, Elbertine",Elbertine.McKeachie@Eimbee.com
2,"Videan, Orelee","Videan, Sterne",Sterne.Videan@Fadeo.com
2,"Scamerden, Toiboid","Scamerden, Esma",Esma.Scamerden@Jabbersphere.com
3,"Longstaff, Shirline","Longstaff, Clifford",Clifford.Longstaff@Youbridge.com
2,"D'Alessandro, Hurley","D'Alessandro, Sofia",Sofia.D'Alessandro@Miboo.com
1,"Di Domenico, Orelia","Di Domenico, Humfrid",Humfrid.Di Domenico@Zooxo.com
3,"O'Corrin, Glynda","O'Corrin, Thorn",Thorn.O'Corrin@Quimm.com
2,"Caraher, Bailie","Caraher, Yolanthe",Yolanthe.Caraher@Kimia.com
3,"Pattenden, Elizabeth","Pattenden, Jeff",Jeff.Pattenden@BlogXS.com
2,"Lardnar, Florian","Lardnar, Boycey",Boycey.Lardnar@Snaptags.com
3,"Caherny, Chantal","Caherny, Morena",Morena.Caherny@Demizz.com
4,"McMenamin, Sasha","McMenamin, Gaultiero",Gaultiero.McMenamin@Agimba.com
4,"Verbeek, Ivar","Verbeek, Kienan",Kienan.Verbeek@Devpulse.com
3,"Challicombe, Jamaal","Challicombe, Bettine",Bettine.Challicombe@Yodoo.com
3,"Milnes, Cello","Milnes, Irving",Irving.Milnes@Photobean.com
3,"Leinster, Leese","Leinster, Nonnah",Nonnah.Leinster@Avaveo.com
1,"Bernardet, Aleece","Bernardet, Milicent",Milicent.Bernardet@Thoughtbridge.com
4,"Penwell, Archibaldo","Penwell, Marjy",Marjy.Penwell@Twitterbeat.com
1,"Dodding, Berkly","Dodding, Vincenz",Vincenz.Dodding@Realpoint.com
1,"Stive, Ynez","Stive, Alane",Alane.Stive@Livetube.com
4,"Ebbin, Francene","Ebbin, Wilburt",Wilburt.Ebbin@JumpXS.com
4,"Bowring, Ilise","Bowring, Hatty",Hatty.Bowring@Ozu.com
2,"Knoton, Clo","Knoton, Demetris",Demetris.Knoton@Skimia.com
2,"Valti, Guthrie","Valti, Frankie",Frankie.Valti@Chatterbridge.com
3,"Whartonby, Stacey","Whartonby, Bailey",Bailey.Whartonby@Fatz.com
1,"Siggers, Ernesta","Siggers, Anet",Anet.Siggers@Thoughtsphere.com
3,"Espinet, Denice","Espinet, Clementius",Clementius.Espinet@Myworks.com
4,"Luesley, Antin","Luesley, Elspeth",Elspeth.Luesley@Ozu.com
5,"Brash, Alon","Brash, Katya",Katya.Brash@Youspan.com
2,"Penke, Harlen","Penke, Janaya",Janaya.Penke@Flipopia.com
4,"Anten, Pyotr","Anten, Madelene",Madelene.Anten@Jaxbean.com
4,"Skelton, Sean","Skelton, Bridie",Bridie.Skelton@Quatz.com
3,"Johanssen, Cary","Johanssen, Elonore",Elonore.Johanssen@Tagopia.com
2,"Keywood, Yuri","Keywood, Kandace",Kandace.Keywood@Photojam.com
1,"Narducci, Ronnie","Narducci, Thibaud",Thibaud.Narducci@Eadel.com
3,"Longmore, Chucho","Longmore, Kristen",Kristen.Longmore@Photobean.com
2,"Kupka, Caleb","Kupka, Mandi",Mandi.Kupka@Yadel.com
1,"Harmant, Robbin","Harmant, Ana",Ana.Harmant@Meedoo.com
2,"Shotboult, Gaylor","Shotboult, Shauna",Shauna.Shotboult@Eadel.com
4,"Tolefree, Lamont","Tolefree, Tim",Tim.Tolefree@Quire.com
4,"Upjohn, Wood","Upjohn, Marlo",Marlo.Upjohn@Edgeblab.com
4,"Seeds, Brady","Seeds, Lita",Lita.Seeds@Fivebridge.com
2,"Litherborough, Selma","Litherborough, Kaile",Kaile.Litherborough@Katz.com
2,"Peasee, Carly","Peasee, Teddi",Teddi.Peasee@Tambee.com
2,"Artinstall, Rose","Artinstall, Lian",Lian.Artinstall@LiveZ.com
3,"Oleksiak, Hi","Oleksiak, Faina",Faina.Oleksiak@Meetz.com
2,"Smardon, Berti","Smardon, Katinka",Katinka.Smardon@Bubbletube.com
3,"Halbard, Lorraine","Halbard, Rhianon",Rhianon.Halbard@Skynoodle.com
3,"Sherewood, Aldis","Sherewood, Carma",Carma.Sherewood@Brainbox.com
3,"McGourty, Rabbi","McGourty, Belia",Belia.McGourty@Aimbo.com
2,"Layson, Julietta","Layson, Sadella",Sadella.Layson@Browsecat.com
1,"Ditch, Graehme","Ditch, Ynes",Ynes.Ditch@Skivee.com
4,"Zanussii, Benetta","Zanussii, Ephraim",Ephraim.Zanussii@Oodoo.com
2,"Seelbach, Pandora","Seelbach, Baldwin",Baldwin.Seelbach@Cogilith.com
3,"Crotty, Hatty","Crotty, Caspar",Caspar.Crotty@Realfire.com
1,"Pogue, Tessa","Pogue, Moe",Moe.Pogue@Mydeo.com
2,"Doogan, Grantley","Doogan, Garrett",Garrett.Doogan@Pixoboo.com
1,"Lanning, Sunny","Lanning, Lorin",Lorin.Lanning@Tagpad.com
4,"Applegarth, L;urette","Applegarth, Bonny",Bonny.Applegarth@Edgeblab.com
1,"Oscroft, Wendy","Oscroft, Tore",Tore.Oscroft@Meemm.com
1,"Baldack, Ev","Baldack, Emilio",Emilio.Baldack@Tekfly.com
4,"Pesek, Jania","Pesek, Malorie",Malorie.Pesek@Quinu.com
3,"Shenton, Kelley","Shenton, Caron",Caron.Shenton@Eamia.com
1,"Sekulla, Doralynne","Sekulla, Bertine",Bertine.Sekulla@Mydo.com
3,"Harrald, Price","Harrald, Nanci",Nanci.Harrald@Chatterpoint.com
1,"Welburn, Allen","Welburn, Gwyn",Gwyn.Welburn@Jabberstorm.com
1,"Doag, Merwin","Doag, Sophronia",Sophronia.Doag@Skiba.com
3,"Symonds, Jeannette","Symonds, Rheba",Rheba.Symonds@Vipe.com
4,"Heckner, Valaree","Heckner, Gabie",Gabie.Heckner@Jaxbean.com
2,"Palmar, Gussie","Palmar, Sasha",Sasha.Palmar@Devcast.com
2,"Beggan, Yehudi","Beggan, Shawnee",Shawnee.Beggan@Topicstorm.com
1,"Tuson, Drusilla","Tuson, Flossy",Flossy.Tuson@Browseblab.com
2,"Dowtry, Alanah","Dowtry, Erena",Erena.Dowtry@Topicblab.com
1,"Cobleigh, Kathlin","Cobleigh, Julita",Julita.Cobleigh@Agivu.com
2,"Curston, Layne","Curston, Lion",Lion.Curston@Mybuzz.com
1,"Shropshire, Idell","Shropshire, Tandi",Tandi.Shropshire@Edgeclub.com
2,"Whelan, Kimbra","Whelan, Humbert",Humbert.Whelan@Thoughtbeat.com
3,"Godsell, Nadean","Godsell, Audi",Audi.Godsell@Tavu.com
3,"Liger, Katinka","Liger, Gavan",Gavan.Liger@Katz.com
3,"Kettles, Fallon","Kettles, Isador",Isador.Kettles@Avavee.com
1,"Powland, Tally","Powland, Humberto",Humberto.Powland@Blognation.com
1,"Jerosch, Nolan","Jerosch, Hedy",Hedy.Jerosch@Quatz.com
4,"Yukhnini, Viva","Yukhnini, Robbie",Robbie.Yukhnini@Digitube.com
2,"Jurewicz, Nevile","Jurewicz, Sarge",Sarge.Jurewicz@Lazz.com
2,"Kaes, Brand","Kaes, Chane",Chane.Kaes@Feedfire.com
4,"De la Yglesia, Celine","De la Yglesia, Margalit",Margalit.De la Yglesia@Voomm.com
3,"Snary, Adrian","Snary, Kenton",Kenton.Snary@Fivebridge.com
1,"Casterot, Anny","Casterot, Fionnula",Fionnula.Casterot@Zava.com
4,"Cosins, Jacques","Cosins, Hale",Hale.Cosins@Kimia.com
3,"Greenhalf, Lauretta","Greenhalf, Maible",Maible.Greenhalf@Voomm.com
3,"Condie, Ettie","Condie, Elenore",Elenore.Condie@Kwilith.com
4,"Fellows, Tailor","Fellows, Nelie",Nelie.Fellows@Livetube.com
2,"Szimon, Iago","Szimon, Katherine",Katherine.Szimon@Rhyloo.com
2,"Kittow, Howard","Kittow, Rafe",Rafe.Kittow@Buzzster.com
3,"Okenden, Smith","Okenden, Tallie",Tallie.Okenden@Mymm.com
2,"Kibby, West","Kibby, Peggi",Peggi.Kibby@Vinder.com
3,"Randalston, Perren","Randalston, Wilton",Wilton.Randalston@Quamba.com
2,"Chiese, Garnette","Chiese, Glenden",Glenden.Chiese@Aibox.com
4,"Huntingdon, Mace","Huntingdon, Jamison",Jamison.Huntingdon@Oodoo.com
1,"Parysowna, Konstantine","Parysowna, Nevins",Nevins.Parysowna@Photobug.com
4,"Oseman, Cristina","Oseman, Dara",Dara.Oseman@Fivespan.com
3,"McClements, Finley","McClements, Bryna",Bryna.McClements@Voolith.com
2,"Barends, Vic","Barends, Teodor",Teodor.Barends@Gigashots.com
4,"Coyle, Bartholomew","Coyle, Brooke",Brooke.Coyle@Twimm.com
4,"Dunlea, Krystal","Dunlea, Lexine",Lexine.Dunlea@Rhynoodle.com
2,"Lundy, Mireielle","Lundy, Madge",Madge.Lundy@Twinte.com
4,"Almond, Sharla","Almond, Dita",Dita.Almond@Flashspan.com
4,"Templeton, Sibeal","Templeton, Quintus",Quintus.Templeton@Mybuzz.com
4,"Clayworth, Pearce","Clayworth, Anitra",Anitra.Clayworth@Divavu.com
3,"Greder, Sheelah","Greder, Katya",Katya.Greder@Feedfish.com
1,"Wybrow, Joly","Wybrow, Benoit",Benoit.Wybrow@Talane.com
4,"Antonazzi, Bondon","Antonazzi, Vite",Vite.Antonazzi@Rhynoodle.com
4,"Biglin, Gwen","Biglin, Winifred",Winifred.Biglin@Eidel.com
1,"Blowen, Kip","Blowen, Heindrick",Heindrick.Blowen@Twiyo.com
3,"Orrocks, Moises","Orrocks, Gregorius",Gregorius.Orrocks@Pixoboo.com
3,"Shoveller, Norbie","Shoveller, Raine",Raine.Shoveller@Jabberstorm.com
2,"Piperley, Matty","Piperley, Hans",Hans.Piperley@Ooba.com
1,"Scamadine, Wileen","Scamadine, Giselbert",Giselbert.Scamadine@Eidel.com
4,"Batiste, Armstrong","Batiste, Reuben",Reuben.Batiste@JumpXS.com
3,"Blanning, Daisey","Blanning, Danit",Danit.Blanning@Centimia.com
1,"Ouchterlony, Jammal","Ouchterlony, Ellette",Ellette.Ouchterlony@Oozz.com
1,"Whittier, Cynthea","Whittier, Pansy",Pansy.Whittier@Vitz.com
1,"Reynard, Templeton","Reynard, Randie",Randie.Reynard@Meezzy.com
1,"Sarre, Baron","Sarre, Harland",Harland.Sarre@Skaboo.com
1,"Adds, Rex","Adds, Hetti",Hetti.Adds@Quimm.com
5,"Pollie, Oberon","Pollie, Wileen",Wileen.Pollie@Edgetag.com
1,"Messitt, Dorita","Messitt, Early",Early.Messitt@Bluejam.com
4,"Kitlee, Floria","Kitlee, Billi",Billi.Kitlee@Ntags.com
4,"Bartles, James","Bartles, Della",Della.Bartles@Quaxo.com
3,"Yashaev, Jay","Yashaev, Moise",Moise.Yashaev@Devpoint.com
3,"Sanderson, Leshia","Sanderson, Denice",Denice.Sanderson@Mycat.com
1,"Glanz, Tiffy","Glanz, Kirbie",Kirbie.Glanz@Photofeed.com
1,"Dod, Kizzie","Dod, Lucien",Lucien.Dod@Izio.com
2,"Lethardy, Madlen","Lethardy, Lennie",Lennie.Lethardy@Tambee.com
2,"Brende, Estella","Brende, Frankie",Frankie.Brende@Wordware.com
3,"Barstock, Grover","Barstock, Lucie",Lucie.Barstock@Skyba.com
4,"Marquiss, Amalee","Marquiss, Keary",Keary.Marquiss@Youbridge.com
4,"Blyth, Megan","Blyth, Marcus",Marcus.Blyth@Shuffledrive.com
2,"Fibbit, Willette","Fibbit, Frank",Frank.Fibbit@Fanoodle.com
1,"Dymond, Calida","Dymond, Daisy",Daisy.Dymond@Jaxworks.com
3,"Ricardin, Aharon","Ricardin, Audre",Audre.Ricardin@Photobug.com
2,"Petyanin, Maurits","Petyanin, Jocelyn",Jocelyn.Petyanin@Buzzster.com
3,"Polglaze, Ermanno","Polglaze, Giovanni",Giovanni.Polglaze@Jayo.com
4,"Borrel, Ancell","Borrel, Letty",Letty.Borrel@Oozz.com
3,"Latchford, Keven","Latchford, Worthington",Worthington.Latchford@Jayo.com
4,"Hammill, Rona","Hammill, Budd",Budd.Hammill@Photobug.com
2,"Sirett, Evita","Sirett, Wynne",Wynne.Sirett@Skilith.com
1,"Sarle, Lorry","Sarle, Halsy",Halsy.Sarle@Aimbo.com
2,"Fannon, Kate","Fannon, Beitris",Beitris.Fannon@Twimm.com
1,"Vale, Paulina","Vale, Corrianne",Corrianne.Vale@Edgewire.com
2,"Kelleway, Earl","Kelleway, Valery",Valery.Kelleway@Dabfeed.com
2,"Daburn, Culver","Daburn, Robinett",Robinett.Daburn@Plajo.com
1,"Worcester, Antonie","Worcester, Evvie",Evvie.Worcester@Flashset.com
4,"Cullrford, Magda","Cullrford, Ethan",Ethan.Cullrford@Agimba.com
4,"Diack, Jeremiah","Diack, Martino",Martino.Diack@Twinte.com
4,"Dibdin, Lynett","Dibdin, Dael",Dael.Dibdin@Brightbean.com
5,"Neenan, Trace","Neenan, Packston",Packston.Neenan@Oba.com
1,"Gowans, Miran","Gowans, Kimberli",Kimberli.Gowans@Jabbersphere.com
1,"Orrey, Orsa","Orrey, Harv",Harv.Orrey@Yamia.com
2,"Bermingham, Gillie","Bermingham, Ellery",Ellery.Bermingham@Tagtune.com
3,"Madgwick, Mikaela","Madgwick, Nichol",Nichol.Madgwick@Devcast.com
3,"Greenin, Maximo","Greenin, Wallas",Wallas.Greenin@Voomm.com
3,"Fellis, Daron","Fellis, Imojean",Imojean.Fellis@Gabvine.com
2,"Haselwood, Dorothea","Haselwood, Lilah",Lilah.Haselwood@Topiczoom.com
2,"Howgego, Pernell","Howgego, Birch",Birch.Howgego@Feedfish.com
3,"Bebbell, Jaimie","Bebbell, Elvyn",Elvyn.Bebbell@Jaloo.com
3,"Dohms, Rici","Dohms, Clark",Clark.Dohms@Browseblab.com
5,"Braffington, Oralla","Braffington, Sherry",Sherry.Braffington@Ntags.com
2,"Whiteley, Elisa","Whiteley, Willy",Willy.Whiteley@Kazio.com
1,"Kynson, Emalia","Kynson, Kip",Kip.Kynson@Agimba.com
4,"Standbrook, Kakalina","Standbrook, Wright",Wright.Standbrook@Yabox.com
2,"Dionis, Billy","Dionis, Brier",Brier.Dionis@Youspan.com
2,"Fishbourn, Kit","Fishbourn, Sydney",Sydney.Fishbourn@Gabtune.com
2,"Romain, Sayer","Romain, Archibold",Archibold.Romain@Jaxworks.com
4,"Dymott, Welby","Dymott, Maryjane",Maryjane.Dymott@Linktype.com
3,"Brozsset, Darci","Brozsset, Shay",Shay.Brozsset@Jayo.com
4,"Pierro, Emelyne","Pierro, Webb",Webb.Pierro@Flashdog.com
2,"Ninotti, Afton","Ninotti, Dulcie",Dulcie.Ninotti@Zooxo.com
1,"Duinbleton, Sofie","Duinbleton, Georgia",Georgia.Duinbleton@Zoomlounge.com
3,"Brittles, Franciskus","Brittles, Fulvia",Fulvia.Brittles@Yakitri.com
3,"Glandon, Darline","Glandon, Jany",Jany.Glandon@Topicblab.com
5,"Beringer, Adara","Beringer, Quint",Quint.Beringer@Eazzy.com
1,"Kennard, Maddie","Kennard, Roch",Roch.Kennard@Tagchat.com
1,"Rangall, Bobbe","Rangall, Thatcher",Thatcher.Rangall@Trunyx.com
3,"Darnborough, Osgood","Darnborough, Fiann",Fiann.Darnborough@Flipopia.com
4,"Shackle, Cory","Shackle, Camile",Camile.Shackle@Thoughtblab.com
4,"Bulluck, Denna","Bulluck, Brittney",Brittney.Bulluck@Photobean.com
4,"Slora, Jocelin","Slora, Sigismundo",Sigismundo.Slora@Yodel.com
3,"Cockman, Woodman","Cockman, Ninon",Ninon.Cockman@Twitterworks.com
4,"Jime, Wain","Jime, Cherida",Cherida.Jime@InnoZ.com
1,"Bradmore, Twila","Bradmore, Shandie",Shandie.Bradmore@Meeveo.com
3,"Lemery, Marcus","Lemery, Jami",Jami.Lemery@Skidoo.com
1,"Whayman, Alia","Whayman, Darius",Darius.Whayman@Realbridge.com
1,"Shipcott, Maximilien","Shipcott, Marillin",Marillin.Shipcott@JumpXS.com
1,"Exroll, Robina","Exroll, Jordain",Jordain.Exroll@Tagchat.com
4,"De Ferraris, Walt","De Ferraris, Abel",Abel.De Ferraris@Zoombeat.com
1,"Stiff, Alf","Stiff, Eimile",Eimile.Stiff@Mita.com
4,"Yateman, Vernon","Yateman, Rollin",Rollin.Yateman@Zoombox.com
1,"Kearton, Von","Kearton, Berget",Berget.Kearton@Devpoint.com
2,"Hunnam, Dacie","Hunnam, Jose",Jose.Hunnam@Rhynyx.com
4,"Lepere, Silvie","Lepere, Skipper",Skipper.Lepere@Brainsphere.com
1,"Trudgion, Thorpe","Trudgion, Tedman",Tedman.Trudgion@Oyope.com
2,"Hyrons, Lucais","Hyrons, Miltie",Miltie.Hyrons@Gabtune.com
4,"Hoyer, Matthieu","Hoyer, Stefan",Stefan.Hoyer@Zoomcast.com
2,"Djorvic, Reine","Djorvic, Iolanthe",Iolanthe.Djorvic@Leenti.com
3,"Farquhar, Saree","Farquhar, Far",Far.Farquhar@Muxo.com
2,"Tawse, Sallyann","Tawse, Kimberli",Kimberli.Tawse@Buzzshare.com
3,"Stonham, Victor","Stonham, Hewett",Hewett.Stonham@Buzzshare.com
1,"Thumnel, Corella","Thumnel, Ole",Ole.Thumnel@Katz.com
1,"Philipard, Andy","Philipard, Hershel",Hershel.Philipard@Muxo.com
2,"Bande, Idette","Bande, Camilla",Camilla.Bande@Kaymbo.com
1,"Wheldon, Allyn","Wheldon, Ibbie",Ibbie.Wheldon@Pixope.com
3,"Rontree, Leslie","Rontree, Ransom",Ransom.Rontree@Edgepulse.com
3,"Bortolomei, Bibbie","Bortolomei, Ward",Ward.Bortolomei@Gabspot.com
3,"Cleave, Bartolemo","Cleave, Maxwell",Maxwell.Cleave@Dabjam.com
4,"Leirmonth, Korry","Leirmonth, Corry",Corry.Leirmonth@Skimia.com
4,"Bonicelli, Aridatha","Bonicelli, Sydelle",Sydelle.Bonicelli@Flashset.com
2,"Grinley, Twila","Grinley, Tiphany",Tiphany.Grinley@Mycat.com
4,"Pennyman, Lettie","Pennyman, Fairlie",Fairlie.Pennyman@Lazzy.com
2,"MacIlhargy, Blake","MacIlhargy, Conn",Conn.MacIlhargy@Chatterpoint.com
3,"McCloy, Daniele","McCloy, Teri",Teri.McCloy@Babbleset.com
4,"Weinmann, Felizio","Weinmann, Catlaina",Catlaina.Weinmann@Eadel.com
3,"Tettley, Ilsa","Tettley, Ginger",Ginger.Tettley@Skidoo.com
4,"Meriton, Ardyce","Meriton, Benni",Benni.Meriton@Jetwire.com
1,"Scard, Shandee","Scard, Josephina",Josephina.Scard@Devcast.com
1,"Hegden, Cristionna","Hegden, Padraic",Padraic.Hegden@Ainyx.com
1,"Dumsday, Mignonne","Dumsday, Mathilde",Mathilde.Dumsday@Eamia.com
1,"Behneke, Raynell","Behneke, Molli",Molli.Behneke@Photojam.com
3,"Gawthorpe, Adina","Gawthorpe, Curtis",Curtis.Gawthorpe@Minyx.com
2,"De Andreis, Sheff","De Andreis, Fidole",Fidole.De Andreis@Skinder.com
4,"Canepe, Mab","Canepe, Tracy",Tracy.Canepe@Dynava.com
3,"Petrillo, Dynah","Petrillo, Eustacia",Eustacia.Petrillo@Yozio.com
4,"Crumpe, Leroi","Crumpe, Letitia",Letitia.Crumpe@Mudo.com
2,"Gierardi, Lynnett","Gierardi, Britt",Britt.Gierardi@Skinder.com
4,"Scoggans, Winny","Scoggans, Kass",Kass.Scoggans@Tambee.com
4,"Palluschek, Shirlene","Palluschek, Alair",Alair.Palluschek@Zazio.com
4,"Symington, Zarah","Symington, Kelby",Kelby.Symington@Voomm.com
1,"Westoff, Bernete","Westoff, Julianna",Julianna.Westoff@Eidel.com
2,"Daniell, Marlowe","Daniell, Thelma",Thelma.Daniell@Youopia.com
1,"Stanett, Berkly","Stanett, Micaela",Micaela.Stanett@Photofeed.com
2,"Peat, Dominga","Peat, Nancy",Nancy.Peat@Chatterbridge.com
4,"Vaudre, Karlotte","Vaudre, Erinna",Erinna.Vaudre@Realcube.com
4,"Ashbridge, Carmelina","Ashbridge, Norrie",Norrie.Ashbridge@Photobug.com
1,"Barmby, Ricardo","Barmby, Sascha",Sascha.Barmby@Buzzster.com
4,"Lindsell, Alyson","Lindsell, Marmaduke",Marmaduke.Lindsell@Meezzy.com
4,"McPherson, Valentine","McPherson, Elie",Elie.McPherson@Mydo.com
2,"Bliven, Analiese","Bliven, Marc",Marc.Bliven@Tagpad.com
3,"Matczak, Nathanial","Matczak, Annabela",Annabela.Matczak@Ailane.com
3,"Alyukin, Lanny","Alyukin, Georgena",Georgena.Alyukin@Vimbo.com
1,"Barnaby, Emmott","Barnaby, Donetta",Donetta.Barnaby@Zoomlounge.com
2,"Skarman, Trudey","Skarman, Joyan",Joyan.Skarman@Trilia.com
2,"Skillicorn, Daloris","Skillicorn, Frederico",Frederico.Skillicorn@Demivee.com
3,"Eagland, Ranna","Eagland, Brigida",Brigida.Eagland@Oyonder.com
1,"McGairl, Amitie","McGairl, Corey",Corey.McGairl@Demimbu.com
3,"Dickon, Karissa","Dickon, Halsey",Halsey.Dickon@Shuffletag.com
4,"Hexum, Laural","Hexum, Kenna",Kenna.Hexum@Jazzy.com
1,"Franckton, Quinlan","Franckton, Burl",Burl.Franckton@Quimm.com
3,"Semerad, Anissa","Semerad, Marguerite",Marguerite.Semerad@Browsecat.com
4,"Ashlee, Aland","Ashlee, Gus",Gus.Ashlee@Voolith.com
3,"Asch, Chickie","Asch, Flo",Flo.Asch@Mita.com
4,"Haberjam, Linda","Haberjam, Killie",Killie.Haberjam@Thoughtworks.com
3,"Falco, Ad","Falco, Meryl",Meryl.Falco@Leexo.com
3,"Reihill, Care","Reihill, Maddy",Maddy.Reihill@Kanoodle.com
4,"Bayston, Odelia","Bayston, Giustino",Giustino.Bayston@Lajo.com
3,"Nekrews, Tedi","Nekrews, Galvin",Galvin.Nekrews@Edgeify.com
4,"Rowan, Adore","Rowan, Lorilee",Lorilee.Rowan@Blogtag.com
2,"Blencowe, Thorn","Blencowe, Gilemette",Gilemette.Blencowe@Kayveo.com
1,"Duetsche, Prudy","Duetsche, Johnathon",Johnathon.Duetsche@Thoughtsphere.com
1,"Shearmer, Ariana","Shearmer, Irma",Irma.Shearmer@Roodel.com
4,"Gash, Karoline","Gash, Bram",Bram.Gash@Bubblebox.com
3,"Sings, Liam","Sings, Wallis",Wallis.Sings@Innotype.com
3,"Huckleby, Denise","Huckleby, Emmi",Emmi.Huckleby@Skiba.com
2,"Welband, Truda","Welband, Marlane",Marlane.Welband@Roomm.com
4,"Dragonette, Kelcey","Dragonette, Estrella",Estrella.Dragonette@Bubblebox.com
4,"Hachard, Bridgette","Hachard, Mic",Mic.Hachard@Vitz.com
3,"Brobeck, Joy","Brobeck, Jessa",Jessa.Brobeck@Twinte.com
3,"Yuille, Kimbra","Yuille, Shurlocke",Shurlocke.Yuille@Brightbean.com
2,"Dunckley, Harold","Dunckley, Bartel",Bartel.Dunckley@Tagopia.com
4,"Edgar, Tabbie","Edgar, Amye",Amye.Edgar@Dabtype.com
4,"Capinetti, Nataniel","Capinetti, Stanleigh",Stanleigh.Capinetti@Feedfire.com
4,"Lindro, Aldus","Lindro, Brita",Brita.Lindro@Babbleopia.com
2,"Bottle, Shaylah","Bottle, Kesley",Kesley.Bottle@Youspan.com
2,"Maxweell, Pammie","Maxweell, Analiese",Analiese.Maxweell@Browsedrive.com
4,"Ebourne, Ericka","Ebourne, Cindee",Cindee.Ebourne@Yadel.com
3,"Macci, Trstram","Macci, Ginnifer",Ginnifer.Macci@Photospace.com
4,"Jonk, Malory","Jonk, Irina",Irina.Jonk@Dabtype.com
4,"Reubens, Jammal","Reubens, Wesley",Wesley.Reubens@Gabtype.com
4,"Wither, Ramsay","Wither, Terri",Terri.Wither@Geba.com
3,"Dies, Yoshiko","Dies, Nat",Nat.Dies@Flashset.com
4,"Rawes, Nicky","Rawes, Sibylla",Sibylla.Rawes@Jatri.com
4,"Upson, Bourke","Upson, Nathanael",Nathanael.Upson@Skyba.com
3,"Barkaway, Bernetta","Barkaway, Karlotta",Karlotta.Barkaway@Vitz.com
2,"Marthen, Cynthie","Marthen, Daniella",Daniella.Marthen@Aimbo.com
3,"Meakin, Patricio","Meakin, Eloise",Eloise.Meakin@Oozz.com
4,"World, Ivonne","World, Kit",Kit.World@Skiba.com
4,"McJury, Joey","McJury, Sibeal",Sibeal.McJury@Skyble.com
2,"Alabone, Tammie","Alabone, Alasdair",Alasdair.Alabone@Trunyx.com
3,"Laba, Emmie","Laba, Carita",Carita.Laba@Skidoo.com
3,"Upwood, Blinny","Upwood, Lonee",Lonee.Upwood@Eidel.com
4,"Budd, Carmine","Budd, Milton",Milton.Budd@Wikizz.com
1,"Capron, Walker","Capron, Elysha",Elysha.Capron@Devpulse.com
2,"Tomaszewicz, Hollyanne","Tomaszewicz, Enrica",Enrica.Tomaszewicz@Kazu.com
3,"Kordova, Johna","Kordova, Alleen",Alleen.Kordova@Voomm.com
3,"Craze, Brit","Craze, Maria",Maria.Craze@Jayo.com
3,"Swaysland, Babs","Swaysland, Stesha",Stesha.Swaysland@Oyoyo.com
1,"Proppers, Ronica","Proppers, Drugi",Drugi.Proppers@Centimia.com
3,"Corsor, Sasha","Corsor, Jasmin",Jasmin.Corsor@Dabtype.com
1,"Husset, Grethel","Husset, Laural",Laural.Husset@Fanoodle.com
1,"Ucceli, Lotta","Ucceli, Reeba",Reeba.Ucceli@Oyoyo.com
3,"Bonehill, Gerrie","Bonehill, Leandra",Leandra.Bonehill@Twitterlist.com
1,"Ezzle, Buckie","Ezzle, Borden",Borden.Ezzle@Kanoodle.com
4,"Columbine, Kizzie","Columbine, Eleanor",Eleanor.Columbine@Realblab.com
4,"Cobbing, Bobbie","Cobbing, Sofia",Sofia.Cobbing@Mycat.com
2,"Traite, Dasha","Traite, Nicola",Nicola.Traite@Linktype.com
1,"Dressell, Janetta","Dressell, Sheelagh",Sheelagh.Dressell@Blogpad.com
4,"Barnfield, Randall","Barnfield, Alysia",Alysia.Barnfield@Agimba.com
3,"Mullin, Vonni","Mullin, Malva",Malva.Mullin@Browsebug.com
4,"Watting, Reg","Watting, Cathyleen",Cathyleen.Watting@Mycat.com
4,"Monks, Stanley","Monks, Whit",Whit.Monks@Skyvu.com
3,"Oolahan, Cori","Oolahan, Ruy",Ruy.Oolahan@Twitterlist.com
1,"Cater, Killian","Cater, Daven",Daven.Cater@Dabjam.com
4,"Grundy, Angil","Grundy, Fernandina",Fernandina.Grundy@Bubblemix.com
3,"Coltan, Winston","Coltan, Malvina",Malvina.Coltan@Jabberstorm.com
2,"Killshaw, Elianora","Killshaw, Celia",Celia.Killshaw@Oloo.com
4,"Yakutin, Elsa","Yakutin, Joelle",Joelle.Yakutin@Jatri.com
4,"Maine, Melodie","Maine, Elisha",Elisha.Maine@Agimba.com
3,"Hollyman, Gena","Hollyman, Pauly",Pauly.Hollyman@Kimia.com
1,"Beetles, Vallie","Beetles, Mauricio",Mauricio.Beetles@Bluejam.com
2,"Lindenman, Jada","Lindenman, Barrett",Barrett.Lindenman@Cogidoo.com
3,"Augur, Consolata","Augur, Rozalin",Rozalin.Augur@Buzzshare.com
3,"Farnish, Gail","Farnish, Kellina",Kellina.Farnish@Zooveo.com
3,"Chard, Jdavie","Chard, Tamra",Tamra.Chard@Trunyx.com
2,"Drakeley, Hartwell","Drakeley, Weston",Weston.Drakeley@Wikivu.com
3,"Lowther, Tanitansy","Lowther, Dolf",Dolf.Lowther@Jabbercube.com
4,"Himsworth, Cherie","Himsworth, Christophorus",Christophorus.Himsworth@Skajo.com
1,"Weadick, Pail","Weadick, Lyle",Lyle.Weadick@Zooveo.com
4,"Bridgen, Ivy","Bridgen, Moina",Moina.Bridgen@Photojam.com
1,"Lowdiane, Porty","Lowdiane, Freddi",Freddi.Lowdiane@Yotz.com
2,"Shawel, Emylee","Shawel, Federica",Federica.Shawel@Leenti.com
2,"MacKellen, Hayward","MacKellen, Reta",Reta.MacKellen@Oyoyo.com
3,"Mabee, Charita","Mabee, Ase",Ase.Mabee@Fivebridge.com
4,"Huyghe, Lelah","Huyghe, Evin",Evin.Huyghe@Vinte.com
3,"Balsdon, Audre","Balsdon, Tore",Tore.Balsdon@Quimm.com
3,"Carillo, Melesa","Carillo, Ferdy",Ferdy.Carillo@Thoughtblab.com
4,"Nertney, Penny","Nertney, Daveen",Daveen.Nertney@Jayo.com
1,"Soppett, Devan","Soppett, Curran",Curran.Soppett@Avavee.com
3,"Plume, Philippe","Plume, Theresa",Theresa.Plume@Photojam.com
2,"Zamboniari, Hunt","Zamboniari, Gradeigh",Gradeigh.Zamboniari@Thoughtstorm.com
2,"O'Lunny, Ralina","O'Lunny, Nady",Nady.O'Lunny@Camimbo.com
4,"Doig, Marianne","Doig, Theresina",Theresina.Doig@Cogibox.com
4,"Loveredge, Hildegaard","Loveredge, Marysa",Marysa.Loveredge@Jaxbean.com
4,"Ingray, Renee","Ingray, Chicky",Chicky.Ingray@Rhycero.com
1,"Baddiley, Stevana","Baddiley, Riane",Riane.Baddiley@Meevee.com
4,"Punshon, Rafaelita","Punshon, Bernard",Bernard.Punshon@Browseblab.com
4,"Harnetty, Dacie","Harnetty, Melisenda",Melisenda.Harnetty@Edgeify.com
1,"Linch, Davidde","Linch, Michal",Michal.Linch@Oyoloo.com
2,"Parham, Helsa","Parham, Wit",Wit.Parham@Tambee.com
3,"Pickervance, Gustave","Pickervance, Cordey",Cordey.Pickervance@Realbridge.com
5,"Quilleash, Stearn","Quilleash, Winnie",Winnie.Quilleash@Meevee.com
3,"Pakes, Bernhard","Pakes, Eula",Eula.Pakes@Thoughtstorm.com
4,"Nudde, Zebadiah","Nudde, Linnet",Linnet.Nudde@Tagchat.com
2,"Bickell, Edgardo","Bickell, Sapphire",Sapphire.Bickell@Oozz.com
4,"Biddiss, Alane","Biddiss, Isadora",Isadora.Biddiss@Dynabox.com
1,"Hinckesman, Marylynne","Hinckesman, Agosto",Agosto.Hinckesman@Shuffledrive.com
3,"Hann, Leslie","Hann, Quinn",Quinn.Hann@Meembee.com
4,"Degue, Johna","Degue, Ellis",Ellis.Degue@Oodoo.com
2,"Paladino, Leupold","Paladino, Kristi",Kristi.Paladino@Skaboo.com
4,"Purrier, Adham","Purrier, Ody",Ody.Purrier@Wordware.com
3,"Trippitt, Adlai","Trippitt, Lynde",Lynde.Trippitt@Brightdog.com
2,"Paolazzi, Anthony","Paolazzi, Nathanael",Nathanael.Paolazzi@Brainverse.com
1,"Daysh, Muhammad","Daysh, Son",Son.Daysh@Oyoba.com
1,"Dudson, Reyna","Dudson, Matthew",Matthew.Dudson@Jetwire.com
2,"Elsay, Olivia","Elsay, Lazare",Lazare.Elsay@Twitterbeat.com
3,"Greensitt, Rica","Greensitt, Marillin",Marillin.Greensitt@Gigazoom.com
3,"Wattam, Puff","Wattam, Bili",Bili.Wattam@Quinu.com
2,"Biasetti, Claudina","Biasetti, Kimberly",Kimberly.Biasetti@Twitterbeat.com
1,"Sibary, Terrance","Sibary, Son",Son.Sibary@Shuffledrive.com
2,"Skey, Celinka","Skey, Bobby",Bobby.Skey@Thoughtblab.com
1,"Bartlett, Dew","Bartlett, El",El.Bartlett@Fanoodle.com
1,"Dallison, Gaye","Dallison, Karlyn",Karlyn.Dallison@Cogidoo.com
3,"Lillow, Terry","Lillow, Jonis",Jonis.Lillow@Oloo.com
1,"Vice, Shel","Vice, Con",Con.Vice@Podcat.com
4,"Greet, Drucy","Greet, Richy",Richy.Greet@Zoomlounge.com
3,"Sessuns, Ingelbert","Sessuns, Luca",Luca.Sessuns@Trilith.com
3,"Lillee, Zak","Lillee, Dominga",Dominga.Lillee@Browsezoom.com
1,"Davidow, Mirilla","Davidow, Woodrow",Woodrow.Davidow@Eayo.com
4,"Crauford, Buiron","Crauford, Chryste",Chryste.Crauford@Voolith.com
1,"Oke, Gizela","Oke, Jarred",Jarred.Oke@Quinu.com
1,"Glowacz, Candace","Glowacz, Rubin",Rubin.Glowacz@Meevee.com
2,"Center, Rockey","Center, Clayborne",Clayborne.Center@Yoveo.com
4,"Bessey, Lannie","Bessey, Gwenny",Gwenny.Bessey@Browsecat.com
3,"Edling, Blanche","Edling, Dore",Dore.Edling@Yozio.com
1,"Crimpe, Yevette","Crimpe, Sophronia",Sophronia.Crimpe@Dazzlesphere.com
4,"Brody, Kimmy","Brody, Nikolaus",Nikolaus.Brody@Meembee.com
3,"Gosby, Burnaby","Gosby, Burt",Burt.Gosby@Wikizz.com
3,"Swainston, Bearnard","Swainston, Bellanca",Bellanca.Swainston@Photolist.com
2,"Torrans, Chrissie","Torrans, Gearard",Gearard.Torrans@Youspan.com
2,"Bailey, Marc","Bailey, Rosanna",Rosanna.Bailey@Voomm.com
1,"Pudner, Merl","Pudner, Janelle",Janelle.Pudner@Tambee.com
3,"Noddings, Ivar","Noddings, Shirl",Shirl.Noddings@Oyoba.com
4,"Dewicke, Maryjo","Dewicke, Henrieta",Henrieta.Dewicke@Youspan.com
4,"Lambrecht, Kippar","Lambrecht, Catlee",Catlee.Lambrecht@Latz.com
1,"Selwyne, Donielle","Selwyne, Benjie",Benjie.Selwyne@Livepath.com
2,"Escreet, Kerstin","Escreet, Ailyn",Ailyn.Escreet@Innotype.com
2,"Woolnough, Theresina","Woolnough, Darrelle",Darrelle.Woolnough@Bluejam.com
1,"Antuk, Marie","Antuk, Arlyn",Arlyn.Antuk@Zoomlounge.com
4,"Borrows, Dolorita","Borrows, Gannon",Gannon.Borrows@Blogtags.com
1,"Seivertsen, Cass","Seivertsen, Margery",Margery.Seivertsen@Livefish.com
4,"Goncalo, Trumaine","Goncalo, Merill",Merill.Goncalo@Dazzlesphere.com
2,"Mersh, Frank","Mersh, Adrianna",Adrianna.Mersh@Jetpulse.com
4,"Treend, Magdalene","Treend, Christal",Christal.Treend@Rhybox.com
1,"Arnaez, Blanca","Arnaez, Timoteo",Timoteo.Arnaez@Meemm.com
4,"Saben, Shirline","Saben, Vivianne",Vivianne.Saben@Twimm.com
2,"Fernie, Grace","Fernie, Darla",Darla.Fernie@Topiczoom.com
3,"Ryam, Theda","Ryam, Dalila",Dalila.Ryam@Lazzy.com
1,"Sebyer, Ginny","Sebyer, Kimmy",Kimmy.Sebyer@Zooveo.com
1,"Worsall, Jesse","Worsall, Blair",Blair.Worsall@Edgeclub.com
3,"Ferrarotti, Sammy","Ferrarotti, Mose",Mose.Ferrarotti@Voolia.com
3,"Ianittello, Alta","Ianittello, Lavinia",Lavinia.Ianittello@DabZ.com
3,"Sleit, Joye","Sleit, Athena",Athena.Sleit@Camimbo.com
1,"Cullity, Hanny","Cullity, Kristopher",Kristopher.Cullity@Yata.com
4,"Brandi, Fair","Brandi, Luise",Luise.Brandi@Avamm.com
1,"Crowest, Derry","Crowest, Shae",Shae.Crowest@Flashdog.com
3,"Tukesby, Sasha","Tukesby, Adria",Adria.Tukesby@Yotz.com
4,"De Blasio, Jeffry","De Blasio, Ulla",Ulla.De Blasio@Youspan.com
3,"Blurton, Mildrid","Blurton, Bartolemo",Bartolemo.Blurton@Zoomlounge.com
4,"Staker, Benedetto","Staker, Codee",Codee.Staker@Fliptune.com
1,"Cranch, Yalonda","Cranch, Mandie",Mandie.Cranch@Eidel.com
1,"Dorrity, Andeee","Dorrity, Maryrose",Maryrose.Dorrity@Avamm.com
3,"Cosslett, Aron","Cosslett, Benn",Benn.Cosslett@Fliptune.com
5,"Ivanchikov, Agretha","Ivanchikov, Coralie",Coralie.Ivanchikov@Thoughtstorm.com
2,"Tondeur, Desirae","Tondeur, Odille",Odille.Tondeur@Wordtune.com
2,"Moorton, De witt","Moorton, Dewie",Dewie.Moorton@Riffpath.com
3,"Ehlerding, Etti","Ehlerding, Friedrich",Friedrich.Ehlerding@Yata.com
1,"Rhead, Stavros","Rhead, Mano",Mano.Rhead@Abatz.com
1,"Took, Ansley","Took, Eloise",Eloise.Took@Flipbug.com
2,"Janjic, Langston","Janjic, Finley",Finley.Janjic@Thoughtworks.com
5,"Jinkins, Yasmin","Jinkins, Ernie",Ernie.Jinkins@Photofeed.com
4,"Lassells, Corry","Lassells, Algernon",Algernon.Lassells@Shufflester.com
4,"Shieldon, Kareem","Shieldon, Cristabel",Cristabel.Shieldon@Browsecat.com
2,"Troyes, Blair","Troyes, Farrell",Farrell.Troyes@Eayo.com
2,"Briscam, Ivy","Briscam, Clemmy",Clemmy.Briscam@Oyondu.com
3,"Keyte, Billie","Keyte, Mason",Mason.Keyte@Mycat.com
4,"Lissimore, Rhodie","Lissimore, Der",Der.Lissimore@Eidel.com
3,"Clausen-Thue, Jeannie","Clausen-Thue, Marjorie",Marjorie.Clausen-Thue@Innotype.com
2,"Stivey, Lonnard","Stivey, Obie",Obie.Stivey@Trupe.com
4,"Batcock, Jany","Batcock, Teddy",Teddy.Batcock@Zoomdog.com
3,"Aslett, Demetris","Aslett, Terrie",Terrie.Aslett@Yakitri.com
3,"Elcombe, Tammy","Elcombe, Michelina",Michelina.Elcombe@Tagtune.com
3,"O'Gaven, Eddy","O'Gaven, Tobiah",Tobiah.O'Gaven@Bubblemix.com
3,"Martine, Stacee","Martine, Loren",Loren.Martine@Rhybox.com
3,"Aughtie, Vivyanne","Aughtie, Husein",Husein.Aughtie@Photolist.com
3,"Tollfree, Flinn","Tollfree, Nora",Nora.Tollfree@Twinder.com
4,"Verna, Indira","Verna, Moshe",Moshe.Verna@Skimia.com
3,"Hannam, Maximilianus","Hannam, Matthaeus",Matthaeus.Hannam@Einti.com
2,"Pioch, Galvan","Pioch, Sissy",Sissy.Pioch@Kwilith.com
1,"Sentance, Margi","Sentance, Fancy",Fancy.Sentance@Devbug.com
2,"Thornebarrow, Ches","Thornebarrow, Moritz",Moritz.Thornebarrow@Oodoo.com
1,"Myott, Evelin","Myott, Henry",Henry.Myott@Brainverse.com
1,"Piegrome, Emmalyn","Piegrome, Tony",Tony.Piegrome@Ntag.com
3,"Wallman, Lindy","Wallman, Jourdain",Jourdain.Wallman@Ooba.com
4,"Feavers, Kori","Feavers, Aida",Aida.Feavers@Devpoint.com
2,"Dowdell, Gussy","Dowdell, Danella",Danella.Dowdell@Gabspot.com
1,"Tutsell, Merci","Tutsell, Whit",Whit.Tutsell@Kamba.com
4,"Sherer, Kameko","Sherer, Owen",Owen.Sherer@Livetube.com
4,"Barwis, Amye","Barwis, Drucill",Drucill.Barwis@Fivespan.com
1,"McRamsey, Louisa","McRamsey, Ingamar",Ingamar.McRamsey@Agivu.com
1,"Peggram, Aveline","Peggram, Jordan",Jordan.Peggram@Twitterwire.com
2,"MacDonagh, Valerie","MacDonagh, Blanche",Blanche.MacDonagh@Camido.com
4,"Paolicchi, Ileana","Paolicchi, Regan",Regan.Paolicchi@Kamba.com
2,"McDonnell, Warden","McDonnell, Rooney",Rooney.McDonnell@Topicblab.com
4,"Hargrove, Cristi","Hargrove, Johannah",Johannah.Hargrove@Mymm.com
4,"Fullwood, Warde","Fullwood, Tabina",Tabina.Fullwood@Photobean.com
3,"Parman, Tristan","Parman, Emylee",Emylee.Parman@Dabjam.com
4,"Turfin, Patience","Turfin, Deeyn",Deeyn.Turfin@Meetz.com
2,"Bradburn, Melva","Bradburn, Eva",Eva.Bradburn@Browsezoom.com
1,"Kingaby, Robinett","Kingaby, Emmy",Emmy.Kingaby@Browseblab.com
4,"Portch, Jennee","Portch, Karie",Karie.Portch@Jabbersphere.com
1,"Murrison, Tomi","Murrison, Roderich",Roderich.Murrison@Twitterbeat.com
4,"Phillps, Freddi","Phillps, Deedee",Deedee.Phillps@Eidel.com
1,"Rawne, Hagan","Rawne, Sheri",Sheri.Rawne@Skimia.com
4,"Peart, Frieda","Peart, Ingeborg",Ingeborg.Peart@Kwimbee.com
2,"Crean, Lucien","Crean, Yance",Yance.Crean@Chatterbridge.com
3,"Vezey, Gilemette","Vezey, Fannie",Fannie.Vezey@JumpXS.com
3,"Amburgy, Janith","Amburgy, Miriam",Miriam.Amburgy@Agivu.com
1,"Oleksinski, Cross","Oleksinski, Cirstoforo",Cirstoforo.Oleksinski@Skyble.com
4,"Davage, Krystle","Davage, Myrtia",Myrtia.Davage@Thoughtstorm.com
2,"Oulet, Doria","Oulet, Aland",Aland.Oulet@Yata.com
1,"Cleave, Normie","Cleave, Owen",Owen.Cleave@Lajo.com
2,"Tomet, Waly","Tomet, Magdaia",Magdaia.Tomet@Gabtune.com
4,"Gores, Wadsworth","Gores, Neille",Neille.Gores@Mybuzz.com
4,"Liebermann, Kyrstin","Liebermann, Phillis",Phillis.Liebermann@Voomm.com
4,"Baudin, Deni","Baudin, Merci",Merci.Baudin@Skippad.com
1,"Kubicki, Ceciley","Kubicki, Paolo",Paolo.Kubicki@Topiclounge.com
3,"Siley, Jordanna","Siley, Kerr",Kerr.Siley@Voolia.com
3,"Whiteley, Bobbette","Whiteley, Marsh",Marsh.Whiteley@Skyba.com
3,"Addekin, Peyton","Addekin, Carine",Carine.Addekin@Yoveo.com
4,"Barajaz, Lief","Barajaz, Craig",Craig.Barajaz@Agivu.com
3,"Tawn, Esmaria","Tawn, Joya",Joya.Tawn@Kayveo.com
3,"Guiso, Suzanne","Guiso, Brigg",Brigg.Guiso@Kare.com
3,"Lavelle, Korella","Lavelle, Nessa",Nessa.Lavelle@Fivebridge.com
3,"Heminsley, Harold","Heminsley, Mina",Mina.Heminsley@Dabjam.com
2,"Vaneev, Minnaminnie","Vaneev, Jerry",Jerry.Vaneev@Demivee.com
2,"Elvy, Amitie","Elvy, Michele",Michele.Elvy@Vinte.com
2,"Madill, Markus","Madill, Corrina",Corrina.Madill@Flipbug.com
3,"Phear, Carmon","Phear, Anjanette",Anjanette.Phear@Bubblebox.com
1,"Eldered, Freddie","Eldered, Carolan",Carolan.Eldered@Meejo.com
3,"Payton, Vallie","Payton, Zsazsa",Zsazsa.Payton@Tagpad.com
1,"Shelp, Rafaello","Shelp, Florencia",Florencia.Shelp@Skinder.com
4,"Dupree, Elana","Dupree, Sher",Sher.Dupree@Podcat.com
3,"Reder, Davita","Reder, Daphne",Daphne.Reder@Trunyx.com
5,"Anstie, Zedekiah","Anstie, Morton",Morton.Anstie@Divanoodle.com
5,"Margaritelli, Cassie","Margaritelli, Hube",Hube.Margaritelli@Zoozzy.com
1,"Blacklock, Sinclair","Blacklock, Giraldo",Giraldo.Blacklock@Tagopia.com
3,"Nise, Farrell","Nise, Karel",Karel.Nise@Quaxo.com
1,"Richings, Georgena","Richings, Jacob",Jacob.Richings@Trudoo.com
4,"Buie, Kahlil","Buie, Odo",Odo.Buie@Shuffletag.com
4,"Beckenham, Drusi","Beckenham, Drusi",Drusi.Beckenham@Kimia.com
4,"Andresen, Bogey","Andresen, Marlo",Marlo.Andresen@Babbleopia.com
1,"Dreossi, Jobi","Dreossi, Rowland",Rowland.Dreossi@Rooxo.com
4,"Holston, Isacco","Holston, Gran",Gran.Holston@Rhynoodle.com
1,"Somerbell, Andris","Somerbell, Madelyn",Madelyn.Somerbell@Oyope.com
1,"Kelshaw, Casey","Kelshaw, Lacee",Lacee.Kelshaw@Meedoo.com
4,"Lorryman, Dru","Lorryman, Lucho",Lucho.Lorryman@Avamba.com
2,"Duigan, Gothart","Duigan, Rhonda",Rhonda.Duigan@Oodoo.com
2,"Aggas, Jarred","Aggas, Wolfie",Wolfie.Aggas@Buzzshare.com
3,"Matyja, Emili","Matyja, Zared",Zared.Matyja@Meevee.com
4,"Jilkes, Sherilyn","Jilkes, Hettie",Hettie.Jilkes@Fiveclub.com
1,"Scoyne, Jacklin","Scoyne, Florrie",Florrie.Scoyne@Feedspan.com
3,"Bannell, Kip","Bannell, Phoebe",Phoebe.Bannell@Agivu.com
1,"Pavitt, Miles","Pavitt, Rudiger",Rudiger.Pavitt@Eidel.com
2,"Abbot, Hedvig","Abbot, Judas",Judas.Abbot@Edgepulse.com
1,"Fibbens, Melisa","Fibbens, Chloe",Chloe.Fibbens@Meejo.com
1,"Ebbrell, Jecho","Ebbrell, Indira",Indira.Ebbrell@Devpulse.com
2,"Traves, Barris","Traves, Ernesta",Ernesta.Traves@Meejo.com
4,"Kencott, Norrie","Kencott, Alanna",Alanna.Kencott@Zava.com
3,"Gummow, Randell","Gummow, Diane-marie",Diane-marie.Gummow@Yombu.com
1,"Scrivener, Robby","Scrivener, Nealon",Nealon.Scrivener@Avamm.com
3,"Blanchard, Gonzales","Blanchard, Morty",Morty.Blanchard@Browsezoom.com
4,"Gath, Marcela","Gath, Liza",Liza.Gath@Devcast.com
3,"Laytham, Meryl","Laytham, Gordy",Gordy.Laytham@Yodel.com
1,"Gelderd, Jacinda","Gelderd, Hanan",Hanan.Gelderd@Shufflebeat.com
1,"Fortie, Ilyssa","Fortie, Ervin",Ervin.Fortie@Jaxbean.com
3,"Casini, Pascale","Casini, Aurlie",Aurlie.Casini@Riffwire.com
3,"Maulden, Katlin","Maulden, Bell",Bell.Maulden@Tambee.com
3,"Caughey, Perkin","Caughey, Elisha",Elisha.Caughey@Mymm.com
4,"Banton, Leopold","Banton, Mercedes",Mercedes.Banton@Skynoodle.com
3,"Cumberpatch, Brittaney","Cumberpatch, Melicent",Melicent.Cumberpatch@Quimm.com
1,"Lidierth, Glynda","Lidierth, Ted",Ted.Lidierth@Skyvu.com
4,"Gallon, Lukas","Gallon, Pammy",Pammy.Gallon@Youfeed.com
2,"Bedminster, Massimo","Bedminster, Wynnie",Wynnie.Bedminster@Abatz.com
4,"Betonia, Franciska","Betonia, Barbaraanne",Barbaraanne.Betonia@Fadeo.com
4,"Ducastel, Kathrine","Ducastel, Jsandye",Jsandye.Ducastel@Skinte.com
3,"Mannakee, Jaymee","Mannakee, Sylvan",Sylvan.Mannakee@Centimia.com
1,"Riccardini, Cam","Riccardini, Josie",Josie.Riccardini@Tagopia.com
2,"Cossor, Jamima","Cossor, Sonnie",Sonnie.Cossor@Topicware.com
4,"Braybrook, Red","Braybrook, Roxi",Roxi.Braybrook@Riffpedia.com
3,"Wahlberg, Agnese","Wahlberg, Olympia",Olympia.Wahlberg@Yakijo.com
1,"Simmers, Erasmus","Simmers, Orelia",Orelia.Simmers@Agimba.com
1,"Berni, Amye","Berni, Gearalt",Gearalt.Berni@Realbridge.com
3,"Perring, Korney","Perring, Orlando",Orlando.Perring@Skyba.com
1,"Yepiskov, Tiphany","Yepiskov, Kermy",Kermy.Yepiskov@Photospace.com
3,"Kocher, Jeannette","Kocher, Adara",Adara.Kocher@Realpoint.com
2,"Tremontana, Brig","Tremontana, Lewiss",Lewiss.Tremontana@Dablist.com
3,"Birkenshaw, Hiram","Birkenshaw, Erick",Erick.Birkenshaw@Dabjam.com
4,"Gabbatiss, Louis","Gabbatiss, Sacha",Sacha.Gabbatiss@Dazzlesphere.com
4,"Gillon, Christoforo","Gillon, Lynnet",Lynnet.Gillon@Topicblab.com
1,"Daughton, Tatum","Daughton, Leena",Leena.Daughton@Quimba.com
3,"Wones, Amberly","Wones, Jamal",Jamal.Wones@Linkbridge.com
3,"Richardeau, Suzanna","Richardeau, Daria",Daria.Richardeau@Realblab.com
5,"Heed, Jamima","Heed, Verne",Verne.Heed@Blognation.com
3,"Helks, Sandy","Helks, Thorpe",Thorpe.Helks@Jayo.com
3,"Dowdell, Gabbi","Dowdell, Holden",Holden.Dowdell@Katz.com
2,"Trimmell, Faustine","Trimmell, Jacquelin",Jacquelin.Trimmell@Meejo.com
1,"McBoyle, Keelia","McBoyle, Naomi",Naomi.McBoyle@Twitterwire.com
3,"Jaffrey, Wanids","Jaffrey, Norma",Norma.Jaffrey@Pixonyx.com
1,"Donlon, Flint","Donlon, Ynes",Ynes.Donlon@Flashdog.com
2,"Sprules, Emile","Sprules, Merry",Merry.Sprules@Jayo.com
1,"Poure, Ferne","Poure, Nikita",Nikita.Poure@Jabberstorm.com
2,"Haycox, Antoine","Haycox, Ranna",Ranna.Haycox@Omba.com
2,"Tartt, Henka","Tartt, Janifer",Janifer.Tartt@Flipstorm.com
3,"Eastlake, Glennis","Eastlake, Lynea",Lynea.Eastlake@Browsezoom.com
2,"Denness, Norris","Denness, Staci",Staci.Denness@Aibox.com
1,"Keford, Michele","Keford, Stanwood",Stanwood.Keford@Skyndu.com
3,"Vinson, Chere","Vinson, Marcie",Marcie.Vinson@Meevee.com
2,"Swynfen, Natalie","Swynfen, Abbe",Abbe.Swynfen@Topicstorm.com
4,"Slaght, Zane","Slaght, Kyle",Kyle.Slaght@Jetwire.com
2,"Nobriga, Penni","Nobriga, Helen-elizabeth",Helen-elizabeth.Nobriga@Avamba.com
3,"Martina, Deb","Martina, Murdock",Murdock.Martina@Eazzy.com
3,"McGonnell, Alix","McGonnell, Elysee",Elysee.McGonnell@Wikibox.com
3,"Denniston, Poppy","Denniston, Marin",Marin.Denniston@Zazio.com
3,"Behr, Dino","Behr, Harwilll",Harwilll.Behr@Talane.com
1,"Paynton, Nikolai","Paynton, Derril",Derril.Paynton@BlogXS.com
4,"Abella, Kalindi","Abella, Brina",Brina.Abella@Brainverse.com
2,"Jedrzejczyk, Lina","Jedrzejczyk, Katusha",Katusha.Jedrzejczyk@Yakitri.com
3,"Shellard, Darrick","Shellard, Leslie",Leslie.Shellard@Miboo.com
4,"Brazur, Eunice","Brazur, Ambrosio",Ambrosio.Brazur@Vinder.com
5,"Vasquez, Livvyy","Vasquez, Georgianne",Georgianne.Vasquez@Rhyzio.com
4,"Figgen, Hyacintha","Figgen, Lynnett",Lynnett.Figgen@Jetpulse.com
1,"Daniello, Reggis","Daniello, Raffarty",Raffarty.Daniello@Feedfire.com
1,"Berrane, Braden","Berrane, Lizette",Lizette.Berrane@Quatz.com
4,"Wyrall, Gil","Wyrall, Fern",Fern.Wyrall@Oyoba.com
2,"Yurygyn, Emylee","Yurygyn, Cinderella",Cinderella.Yurygyn@Centizu.com
2,"Colvill, Rori","Colvill, Chaddy",Chaddy.Colvill@Leenti.com
1,"Ibbitson, Margot","Ibbitson, Rutherford",Rutherford.Ibbitson@Skipstorm.com
3,"Greengrass, Brenden","Greengrass, Nesta",Nesta.Greengrass@Divape.com
2,"Marte, Pepi","Marte, Ernestine",Ernestine.Marte@Zoombox.com
2,"Veare, Lindi","Veare, Whitman",Whitman.Veare@Dabfeed.com
1,"Slucock, Randi","Slucock, Elisha",Elisha.Slucock@Edgeclub.com
2,"Guitton, Tate","Guitton, Penrod",Penrod.Guitton@Babbleopia.com
2,"Queree, Farris","Queree, Tyler",Tyler.Queree@Zazio.com
4,"Goulstone, Janina","Goulstone, Ema",Ema.Goulstone@Kwinu.com
4,"McCuaig, Samara","McCuaig, Kerrie",Kerrie.McCuaig@Yamia.com
2,"Sangwin, Austin","Sangwin, Nichols",Nichols.Sangwin@Zoomlounge.com
4,"Langforth, Jasmina","Langforth, Sibilla",Sibilla.Langforth@Voolia.com
2,"Geaney, Marve","Geaney, Sarita",Sarita.Geaney@Realmix.com
4,"Drinkel, Alyda","Drinkel, Katerine",Katerine.Drinkel@Mita.com
4,"McLean, Karry","McLean, Isaak",Isaak.McLean@Topiclounge.com
1,"Beggan, Jorgan","Beggan, Carlye",Carlye.Beggan@Thoughtblab.com
2,"Mathouse, Ned","Mathouse, Rubi",Rubi.Mathouse@Kayveo.com
4,"Chumley, Harrietta","Chumley, Chicky",Chicky.Chumley@Mybuzz.com
3,"Forestall, Florida","Forestall, Chevy",Chevy.Forestall@Fatz.com
4,"Potteril, Dodie","Potteril, Corly",Corly.Potteril@Twitterbridge.com
3,"Addeycott, Lacey","Addeycott, Janelle",Janelle.Addeycott@Jabbersphere.com
4,"Cona, Yoshiko","Cona, Enoch",Enoch.Cona@Voomm.com
2,"Readwood, Maggi","Readwood, Malvin",Malvin.Readwood@Divavu.com
3,"Regglar, Davon","Regglar, Sella",Sella.Regglar@Aimbu.com
1,"Dainty, Laird","Dainty, Elvina",Elvina.Dainty@Tekfly.com
4,"Halfhyde, Melvin","Halfhyde, Stefan",Stefan.Halfhyde@Wordpedia.com
1,"Dumingo, Emlen","Dumingo, Greg",Greg.Dumingo@Skyvu.com
2,"Tarbett, Aliza","Tarbett, Lambert",Lambert.Tarbett@Twitterlist.com
3,"Henrion, Rosalynd","Henrion, Jerrilyn",Jerrilyn.Henrion@Feedmix.com
2,"Martyn, Agata","Martyn, Keely",Keely.Martyn@Thoughtbeat.com
1,"Oswal, Basia","Oswal, Theadora",Theadora.Oswal@Meetz.com
4,"Beggs, Trumaine","Beggs, Joscelin",Joscelin.Beggs@Yadel.com
1,"MacCauley, Loreen","MacCauley, Pris",Pris.MacCauley@Mita.com
3,"Zorzi, Lynea","Zorzi, Jennie",Jennie.Zorzi@Brainsphere.com
3,"Bolstridge, Hans","Bolstridge, Aubree",Aubree.Bolstridge@Oloo.com
3,"Roycroft, Irvine","Roycroft, Thomas",Thomas.Roycroft@Realbuzz.com
2,"Valente, Thorstein","Valente, Alexandros",Alexandros.Valente@Thoughtbridge.com
1,"Grovier, Rosemonde","Grovier, Selia",Selia.Grovier@Skynoodle.com
1,"Elsey, Pepe","Elsey, Nonah",Nonah.Elsey@Skipfire.com
1,"Jurzyk, Nick","Jurzyk, Bari",Bari.Jurzyk@Youtags.com
2,"Joscelyne, Katharina","Joscelyne, Letta",Letta.Joscelyne@Linktype.com
2,"Geipel, Skip","Geipel, Loleta",Loleta.Geipel@Flashpoint.com
5,"Penrith, Parrnell","Penrith, Barb",Barb.Penrith@Gigaclub.com
2,"Ferandez, Reggis","Ferandez, Nyssa",Nyssa.Ferandez@Thoughtblab.com
2,"Bischof, Valentine","Bischof, Margette",Margette.Bischof@Oba.com
3,"Townson, Adah","Townson, Gay",Gay.Townson@Teklist.com
1,"Yosifov, Andy","Yosifov, Meade",Meade.Yosifov@Gabcube.com
1,"Milham, Tracey","Milham, Helga",Helga.Milham@Latz.com
2,"Meynell, Tammie","Meynell, Lee",Lee.Meynell@Dabtype.com
2,"Tithecote, Haywood","Tithecote, Burk",Burk.Tithecote@Topicware.com
3,"Gove, Caye","Gove, Jock",Jock.Gove@Bluezoom.com
4,"Nutman, Armstrong","Nutman, Nonah",Nonah.Nutman@Meedoo.com
3,"Bront, Mariska","Bront, Gualterio",Gualterio.Bront@Yakijo.com
3,"Ivanin, Shina","Ivanin, Ber",Ber.Ivanin@Oozz.com
3,"Bissiker, Vance","Bissiker, Zebulen",Zebulen.Bissiker@Izio.com
1,"Tussaine, Ebenezer","Tussaine, Romonda",Romonda.Tussaine@Tekfly.com
2,"Enriques, Findley","Enriques, Elisabet",Elisabet.Enriques@Rhybox.com
2,"Belshaw, Rosamond","Belshaw, Irvin",Irvin.Belshaw@Feednation.com
4,"Fieldgate, Barclay","Fieldgate, Jesse",Jesse.Fieldgate@Rhycero.com
4,"O' Connell, Tammie","O' Connell, Gillie",Gillie.O' Connell@Thoughtbridge.com
2,"Plunket, Jami","Plunket, Louis",Louis.Plunket@Wordtune.com
1,"Spinetti, Stacee","Spinetti, Susan",Susan.Spinetti@Leexo.com
3,"Segrave, Correna","Segrave, Gaspar",Gaspar.Segrave@Jamia.com
4,"Hele, Gil","Hele, Odetta",Odetta.Hele@Kwilith.com
2,"Doig, Isaiah","Doig, Agathe",Agathe.Doig@Abata.com
2,"Quodling, Davidson","Quodling, Jean",Jean.Quodling@Snaptags.com
2,"Swaby, Saul","Swaby, Eadith",Eadith.Swaby@Youbridge.com
3,"Glassard, Melanie","Glassard, Belva",Belva.Glassard@Dynabox.com
4,"Galland, Sharity","Galland, Cecile",Cecile.Galland@Dabshots.com
2,"Lillgard, Antoine","Lillgard, Corenda",Corenda.Lillgard@Meevee.com
5,"Wadesworth, Dorotea","Wadesworth, Marleen",Marleen.Wadesworth@Buzzshare.com
1,"Ciani, Kimberlee","Ciani, Yurik",Yurik.Ciani@Vipe.com
1,"Dorsey, Pauline","Dorsey, Erich",Erich.Dorsey@Wordtune.com
1,"Forward, Bettina","Forward, Konstantine",Konstantine.Forward@Aibox.com
4,"Ginnelly, Mike","Ginnelly, Colver",Colver.Ginnelly@Youfeed.com
4,"Hatcliffe, Conroy","Hatcliffe, Blake",Blake.Hatcliffe@Yamia.com
3,"Gavaghan, Cecil","Gavaghan, Fawne",Fawne.Gavaghan@Blogpad.com
1,"Pattingson, Filippa","Pattingson, Petunia",Petunia.Pattingson@Zoomzone.com
4,"Harford, Janene","Harford, Matthew",Matthew.Harford@Skyvu.com
4,"Livings, Carri","Livings, Malcolm",Malcolm.Livings@Realcube.com
2,"Kleinhandler, Mitzi","Kleinhandler, Keslie",Keslie.Kleinhandler@Feedfire.com
3,"Matas, Shaine","Matas, Kerrin",Kerrin.Matas@Dabjam.com
3,"Tutin, Fraze","Tutin, Cayla",Cayla.Tutin@Digitube.com
1,"Mallett, Nola","Mallett, Herbie",Herbie.Mallett@Wikibox.com
2,"Burford, Hardy","Burford, Cole",Cole.Burford@Meembee.com
3,"Pedlingham, Sarine","Pedlingham, Gayle",Gayle.Pedlingham@Flipbug.com
3,"Amyes, Bary","Amyes, Mervin",Mervin.Amyes@Zoombox.com
3,"Sheerman, Berthe","Sheerman, Pinchas",Pinchas.Sheerman@Gabtype.com
1,"Divina, Charisse","Divina, Drugi",Drugi.Divina@Babbleblab.com
3,"Emms, Calla","Emms, Fitzgerald",Fitzgerald.Emms@Youspan.com
1,"Breheny, West","Breheny, Delores",Delores.Breheny@Blogtags.com
3,"Piner, Patsy","Piner, Bat",Bat.Piner@Linklinks.com
4,"Janusz, Fairleigh","Janusz, Eleanor",Eleanor.Janusz@Skipfire.com
4,"Lepere, Rodrick","Lepere, Fern",Fern.Lepere@Dabvine.com
1,"Burkert, Kissie","Burkert, Candra",Candra.Burkert@Yodel.com
1,"Joost, Alanson","Joost, Sherri",Sherri.Joost@Feedfish.com
2,"Deares, Shelly","Deares, Rebecca",Rebecca.Deares@Voonder.com
4,"Moseby, Angy","Moseby, Rakel",Rakel.Moseby@Skinte.com
1,"Triggol, Corabel","Triggol, Murray",Murray.Triggol@Dazzlesphere.com
5,"Kennan, Jose","Kennan, Frannie",Frannie.Kennan@Devify.com
1,"Dey, Ferd","Dey, Gay",Gay.Dey@Buzzbean.com
4,"Bumphrey, Katlin","Bumphrey, Eilis",Eilis.Bumphrey@Roomm.com
2,"Gauld, Dana","Gauld, Raddie",Raddie.Gauld@Skivee.com
4,"McReidy, Alys","McReidy, Malvin",Malvin.McReidy@Mudo.com
3,"Kenwell, Maure","Kenwell, Kip",Kip.Kenwell@Thoughtbeat.com
1,"Roark, Virgie","Roark, Alyosha",Alyosha.Roark@Oba.com
1,"Biggerstaff, Jacklin","Biggerstaff, Berna",Berna.Biggerstaff@Miboo.com
2,"Fautly, Wade","Fautly, Ahmad",Ahmad.Fautly@Yakidoo.com
2,"Capewell, Loydie","Capewell, Patrizio",Patrizio.Capewell@Plajo.com
2,"Sankey, Emmalynn","Sankey, Sabrina",Sabrina.Sankey@Meetz.com
3,"Gerring, Shannon","Gerring, Ashbey",Ashbey.Gerring@Youfeed.com
4,"Cornewall, Denna","Cornewall, Lona",Lona.Cornewall@Yozio.com
2,"Barca, Meyer","Barca, Aymer",Aymer.Barca@Realpoint.com
3,"Macklin, Goldia","Macklin, Sigmund",Sigmund.Macklin@Zoomcast.com
3,"Dawbery, Curry","Dawbery, Mareah",Mareah.Dawbery@Avamm.com
3,"Elderkin, Heidi","Elderkin, Karilynn",Karilynn.Elderkin@Dabtype.com
4,"Derrett, Peggie","Derrett, Gil",Gil.Derrett@Quaxo.com
1,"Hauck, Ingunna","Hauck, Frederik",Frederik.Hauck@Mybuzz.com
4,"Gosson, Emmott","Gosson, Trisha",Trisha.Gosson@Flashdog.com
1,"O'Currine, Guinna","O'Currine, Halimeda",Halimeda.O'Currine@Lajo.com
4,"Causier, Haleigh","Causier, Rory",Rory.Causier@Yotz.com
1,"Hovenden, Karel","Hovenden, Gino",Gino.Hovenden@Realbridge.com
1,"Heathcott, Ragnar","Heathcott, Morganica",Morganica.Heathcott@Vimbo.com
2,"Gleder, Axe","Gleder, Andris",Andris.Gleder@Twinder.com
4,"Frane, Poul","Frane, Martainn",Martainn.Frane@Vinte.com
4,"Pelerin, Jerry","Pelerin, Cortney",Cortney.Pelerin@Meemm.com
2,"Littledike, Gayler","Littledike, Mellicent",Mellicent.Littledike@Meedoo.com
1,"Chilvers, Bartlett","Chilvers, Dame",Dame.Chilvers@Buzzster.com
2,"Munnings, Harwell","Munnings, Calla",Calla.Munnings@Shufflester.com
3,"Constantine, Russell","Constantine, Ike",Ike.Constantine@Abata.com
1,"Ludlom, Zulema","Ludlom, Neille",Neille.Ludlom@Buzzdog.com
1,"Wogdon, Dewain","Wogdon, Normy",Normy.Wogdon@Oodoo.com
3,"Altamirano, Merrily","Altamirano, Selina",Selina.Altamirano@Einti.com
3,"Rattrie, Bartholemy","Rattrie, Kylie",Kylie.Rattrie@Blognation.com
4,"Heikkinen, Leroi","Heikkinen, Elmore",Elmore.Heikkinen@Quinu.com
2,"Blakes, Kamila","Blakes, Rey",Rey.Blakes@Divape.com
4,"Seedull, Vincent","Seedull, Ekaterina",Ekaterina.Seedull@Brainverse.com
3,"La Torre, Remy","La Torre, Hillary",Hillary.La Torre@Twitterbridge.com
1,"Lawty, Brig","Lawty, Bibi",Bibi.Lawty@Yozio.com
2,"Darben, Kassie","Darben, Chan",Chan.Darben@Thoughtmix.com
3,"Drees, Barnie","Drees, Roddie",Roddie.Drees@Photojam.com
3,"Pezey, Leslie","Pezey, Graehme",Graehme.Pezey@Edgepulse.com
2,"Gobel, Ted","Gobel, Stillman",Stillman.Gobel@Yotz.com
2,"Pagen, Noach","Pagen, Clywd",Clywd.Pagen@Riffpedia.com
3,"Taggert, Elita","Taggert, Robb",Robb.Taggert@Voonix.com
3,"Roches, Tony","Roches, Cam",Cam.Roches@Edgeblab.com
4,"Wines, Phelia","Wines, Dana",Dana.Wines@Aibox.com
3,"Boarer, Kris","Boarer, Brigitta",Brigitta.Boarer@Oyope.com
4,"Fearey, Courtnay","Fearey, Micki",Micki.Fearey@Youopia.com
2,"Pedrazzi, Bartie","Pedrazzi, Rhody",Rhody.Pedrazzi@Oyope.com
1,"Sogg, Pincas","Sogg, Hana",Hana.Sogg@Wikizz.com
4,"Rand, Delainey","Rand, Lyndsey",Lyndsey.Rand@Yotz.com
3,"Fleis, Alvy","Fleis, Aurea",Aurea.Fleis@Skyba.com
2,"Thominga, Chrotoem","Thominga, Vernor",Vernor.Thominga@Reallinks.com
4,"Gobel, Ebeneser","Gobel, Cindi",Cindi.Gobel@Pixoboo.com
2,"Perillio, Orelee","Perillio, Bonnibelle",Bonnibelle.Perillio@Photobug.com
5,"Wiffen, Carmelita","Wiffen, Aili",Aili.Wiffen@Buzzdog.com
5,"Grimestone, Dion","Grimestone, Tiffany",Tiffany.Grimestone@Thoughtmix.com
3,"Sloey, Terry","Sloey, Elwin",Elwin.Sloey@Shuffledrive.com
1,"Pallaske, Reube","Pallaske, Mal",Mal.Pallaske@Thoughtmix.com
4,"Woodard, Ossie","Woodard, Deane",Deane.Woodard@Devpoint.com
4,"Navarijo, Olly","Navarijo, Tully",Tully.Navarijo@Fliptune.com
1,"Shackesby, Maybelle","Shackesby, Lynna",Lynna.Shackesby@Zoovu.com
3,"Plum, Seumas","Plum, Tuesday",Tuesday.Plum@Kare.com
1,"Glassborow, Burl","Glassborow, Elwood",Elwood.Glassborow@Flipstorm.com
1,"Laidler, Farra","Laidler, Timmy",Timmy.Laidler@Talane.com
3,"Callicott, Olwen","Callicott, Susan",Susan.Callicott@Photobug.com
3,"Djorvic, Zoe","Djorvic, May",May.Djorvic@Youspan.com
4,"Faudrie, Tonye","Faudrie, Wendel",Wendel.Faudrie@Tazz.com
3,"Alvin, Jody","Alvin, Berthe",Berthe.Alvin@Zooxo.com
1,"Feuell, Brandie","Feuell, Sauncho",Sauncho.Feuell@Chatterpoint.com
3,"Stonard, Mic","Stonard, Aeriela",Aeriela.Stonard@Zoonoodle.com
4,"Kevane, Jilli","Kevane, Onfre",Onfre.Kevane@Wikido.com
2,"Fforde, Jessie","Fforde, Zia",Zia.Fforde@Yodoo.com
1,"Manntschke, Eleonora","Manntschke, Sioux",Sioux.Manntschke@Zoomzone.com
3,"Bergin, Westley","Bergin, Jayme",Jayme.Bergin@Yakidoo.com
2,"Carabine, Thelma","Carabine, Daren",Daren.Carabine@Meeveo.com
1,"Ferebee, Nannie","Ferebee, Darsey",Darsey.Ferebee@Reallinks.com
1,"Klink, Sib","Klink, Sloane",Sloane.Klink@Zoovu.com
1,"Skellion, Keely","Skellion, Aubrey",Aubrey.Skellion@Kwideo.com
3,"Rosthorn, Erinna","Rosthorn, Cathee",Cathee.Rosthorn@Dazzlesphere.com
3,"Lewinton, Elvin","Lewinton, Trey",Trey.Lewinton@Kwimbee.com
2,"Zoellner, Rosana","Zoellner, Harley",Harley.Zoellner@Yoveo.com
3,"Blackborough, Elaine","Blackborough, Juditha",Juditha.Blackborough@Photofeed.com
3,"Ovett, Roddie","Ovett, Melodie",Melodie.Ovett@Browsedrive.com
3,"Galia, Ninnetta","Galia, Gibby",Gibby.Galia@DabZ.com
1,"Norewood, Casandra","Norewood, Rivkah",Rivkah.Norewood@Zoomzone.com
4,"Haney`, Pen","Haney`, Talyah",Talyah.Haney`@Jaxworks.com
1,"Mendel, Brigg","Mendel, Morna",Morna.Mendel@Flipstorm.com
4,"Cookney, Susana","Cookney, Janet",Janet.Cookney@Skyvu.com
2,"Widger, Codi","Widger, Davey",Davey.Widger@Trunyx.com
1,"Finlason, Sonny","Finlason, Gibby",Gibby.Finlason@Photospace.com
2,"Whardley, Felike","Whardley, Costanza",Costanza.Whardley@Yabox.com
4,"Overill, Aileen","Overill, Dene",Dene.Overill@Oyondu.com
2,"Hobble, Rayna","Hobble, Lancelot",Lancelot.Hobble@Twitterlist.com
1,"Corradeschi, Dela","Corradeschi, Bea",Bea.Corradeschi@Devcast.com
2,"Arnald, Temple","Arnald, Barrie",Barrie.Arnald@Feedspan.com
4,"Garnsworthy, Corey","Garnsworthy, Eryn",Eryn.Garnsworthy@Brainbox.com
3,"Skotcher, Lyssa","Skotcher, Dinny",Dinny.Skotcher@Shuffletag.com
2,"Congreave, Farra","Congreave, Cairistiona",Cairistiona.Congreave@Topdrive.com
2,"Hartle, Chanda","Hartle, Christopher",Christopher.Hartle@Meejo.com
3,"Pressman, Emmott","Pressman, Robers",Robers.Pressman@Omba.com
3,"Roussel, Alvera","Roussel, Reinold",Reinold.Roussel@Chatterbridge.com
3,"Pennington, Korney","Pennington, Roanna",Roanna.Pennington@Youfeed.com
5,"Rousby, Travus","Rousby, Sammie",Sammie.Rousby@Dablist.com
2,"Pleaden, Wakefield","Pleaden, Carri",Carri.Pleaden@Katz.com
2,"Pirrie, Amy","Pirrie, Nomi",Nomi.Pirrie@Zava.com
1,"Poyntz, Barn","Poyntz, Alikee",Alikee.Poyntz@Skimia.com
2,"Okie, Heindrick","Okie, Bertine",Bertine.Okie@Feednation.com
4,"Thulborn, Gan","Thulborn, Cornelius",Cornelius.Thulborn@Jaxbean.com
1,"Wallach, Delphinia","Wallach, Prudy",Prudy.Wallach@Thoughtworks.com
3,"Hallad, Harlin","Hallad, Rowney",Rowney.Hallad@Meemm.com
1,"Side, Ida","Side, Gavan",Gavan.Side@Mymm.com
1,"Cavilla, Lia","Cavilla, Aurelie",Aurelie.Cavilla@Dynabox.com
3,"Bevans, Tammie","Bevans, Kristi",Kristi.Bevans@Jabbercube.com
4,"Genny, Towney","Genny, Hymie",Hymie.Genny@Kwideo.com
1,"Midson, Darsie","Midson, Tiffanie",Tiffanie.Midson@Buzzbean.com
1,"Timeby, Bobbee","Timeby, Lemmie",Lemmie.Timeby@Jayo.com
4,"Pardal, Giacinta","Pardal, Richmond",Richmond.Pardal@Rhyzio.com
1,"McCrossan, Justinian","McCrossan, Margy",Margy.McCrossan@Kazu.com
2,"Peizer, Maxine","Peizer, Nannette",Nannette.Peizer@Devcast.com
4,"Oloshin, Claudell","Oloshin, Lilli",Lilli.Oloshin@Kaymbo.com
3,"Marc, Risa","Marc, Minni",Minni.Marc@Twitterworks.com
4,"Kowalski, Leontine","Kowalski, Devinne",Devinne.Kowalski@Zazio.com
4,"Lindsell, Yasmin","Lindsell, Wit",Wit.Lindsell@Wikizz.com
3,"Bestwick, Carlyle","Bestwick, Rollie",Rollie.Bestwick@Yakijo.com
3,"Emps, Arnold","Emps, Madelene",Madelene.Emps@Bluezoom.com
1,"Trevaskus, Cassandry","Trevaskus, Jerrilee",Jerrilee.Trevaskus@Eazzy.com
2,"Whitlock, Julianna","Whitlock, Bendix",Bendix.Whitlock@JumpXS.com
4,"Grzelewski, Meryl","Grzelewski, Gray",Gray.Grzelewski@Twitterbridge.com
1,"Ketch, Louella","Ketch, Sly",Sly.Ketch@Yakijo.com
5,"Dreng, Meredith","Dreng, Fernanda",Fernanda.Dreng@Buzzshare.com
1,"Bridgstock, Brana","Bridgstock, Lynett",Lynett.Bridgstock@Innotype.com
1,"Roswarne, Efrem","Roswarne, Kipper",Kipper.Roswarne@Oyoyo.com
4,"Hannabuss, Catrina","Hannabuss, Hernando",Hernando.Hannabuss@Bubbletube.com
3,"Swansbury, Ainslie","Swansbury, Twila",Twila.Swansbury@Browsetype.com
3,"Archard, Jerry","Archard, Hilliary",Hilliary.Archard@Ntag.com
3,"Chevis, Cly","Chevis, Quinta",Quinta.Chevis@Mymm.com
2,"Alves, Tarrance","Alves, Ogdon",Ogdon.Alves@Pixope.com
1,"Bakesef, Geneva","Bakesef, Kimball",Kimball.Bakesef@Flashpoint.com
3,"Youel, Rosaline","Youel, Ted",Ted.Youel@Shufflebeat.com
2,"Cessford, Livvyy","Cessford, Evangeline",Evangeline.Cessford@Cogibox.com
1,"Maharey, Deirdre","Maharey, Whit",Whit.Maharey@Browseblab.com
2,"Heckney, Dyan","Heckney, Opalina",Opalina.Heckney@Realbridge.com
1,"Bunclark, Alika","Bunclark, Daffi",Daffi.Bunclark@Quatz.com
4,"Flewitt, Daryle","Flewitt, Madelina",Madelina.Flewitt@Gigazoom.com
1,"Okeshott, Clovis","Okeshott, Steffen",Steffen.Okeshott@Yakijo.com
1,"Shory, Gratia","Shory, Ardith",Ardith.Shory@Devcast.com
3,"Beidebeke, Alane","Beidebeke, Frans",Frans.Beidebeke@Camimbo.com
3,"Hembery, Bridie","Hembery, Agatha",Agatha.Hembery@Bluejam.com
3,"Loughran, Hannis","Loughran, Hadleigh",Hadleigh.Loughran@Thoughtsphere.com
4,"Glowinski, Gwen","Glowinski, Hillier",Hillier.Glowinski@Twitterworks.com
1,"Wrightson, Henrie","Wrightson, Layton",Layton.Wrightson@Zoomlounge.com
2,"Raine, Ludwig","Raine, Chicky",Chicky.Raine@Skilith.com
2,"Pie, Hamel","Pie, Hill",Hill.Pie@Jatri.com
4,"Sergison, Tamma","Sergison, Tarrance",Tarrance.Sergison@Bluejam.com
1,"Worling, Ninetta","Worling, Sibbie",Sibbie.Worling@Omba.com
3,"Tinton, Stanford","Tinton, Kyle",Kyle.Tinton@Dabshots.com
2,"MacCook, Ertha","MacCook, Sidonia",Sidonia.MacCook@Topicshots.com
4,"Randles, Lawton","Randles, Kali",Kali.Randles@Skalith.com
3,"Pashbee, Engracia","Pashbee, Emlynn",Emlynn.Pashbee@Zoomzone.com
